"features","levels","decision","supportLHS","supportRHS","accuracyRHS","coverageLHS","coverageRHS","stabilityLHS","stabilityRHS","supportRatioLHS","supportRatioRHS","pValue","riskRatio","pValueRiskRatio","confIntRiskRatio"
"P299,P399","L,D","Avian",142,142,1,0.46104,0.91026,1,1,0.83041,0.83041,1.48865356685904e-65,Inf,0,"-Inf:Inf"
"P299","L","Avian",152,147,0.9671,0.49351,0.94231,1,1,0.88889,0.85965,2.28178754077512e-61,29.4,0,"12.37:69.876"
"P109,P584","L,E","Avian",140,139,0.99287,0.45536,0.90643,1,1,0.81871,0.81287,4.86869323312907e-61,139,0,"19.667:982.422"
"P55,P584","K,E","Avian",136,136,1,0.44152,0.88303,1,1,0.79532,0.79532,9.04470752516765e-61,Inf,0,"-Inf:Inf"
"P384,P584","E,E","Avian",139,138,0.99282,0.45223,0.89961,1,1,0.81287,0.80702,2.9737447699074e-60,138,0,"19.524:975.405"
"P584","E","Avian",150,145,0.96667,0.48701,0.92357,1,1,0.87719,0.84795,1.20435266113068e-59,29,0,"12.199:68.94"
"P53,P584","K,E","Avian",138,137,0.99275,0.45098,0.88961,1,1,0.80702,0.80117,1.77150331238851e-59,137,0,"19.382:968.387"
"P176","N","Human",115,112,0.97391,0.37338,0.72727,1,1,0.67251,0.65497,9.51912386345272e-40,37.3333333333333,0,"12.098:115.211"
"P590,P722","V,V","Human",106,105,0.99186,0.34401,0.6844,1,1,0.61988,0.61404,7.01268514233039e-39,105,0,"14.822:743.817"
"P590","V","Human",109,106,0.97246,0.3539,0.68154,1,1,0.63743,0.61988,2.04388860983954e-36,35.3333333333333,0,"11.44:109.133"
"P58","K","Human",37,37,1,0.11989,0.23982,1,1,0.21637,0.21637,6.54548050874228e-11,Inf,1.00924602008945e-08,"-Inf:Inf"
"P196","V","Human",37,37,1,0.1195,0.23851,1,1,0.21637,0.21637,6.54548050874228e-11,Inf,1.00924602008945e-08,"-Inf:Inf"
"P750","T","Human",21,21,1,0.06782,0.13554,1,1,0.12281,0.12281,1.9842314008137e-05,Inf,0.000185749889496378,"-Inf:Inf"
"P648","I","Human",21,21,1,0.06715,0.1344,1,1,0.12281,0.12281,1.9842314008137e-05,Inf,0.000185749889496378,"-Inf:Inf"
"P299,P387","L,K","Avian",20,20,1,0.06515,0.13029,1,1,0.11696,0.11696,4.23127490769545e-05,Inf,0.000334462225222154,"-Inf:Inf"
"P337,P431","V,K","Avian",14,14,1,0.0467,0.09352,1,1,0.08187,0.08187,0.00370108998238524,Inf,0.0108908592610568,"-Inf:Inf"
"P180,P431","M,K","Avian",14,14,1,0.04545,0.0915,1,1,0.08187,0.08187,0.00370108998238524,Inf,0.0108908592610568,"-Inf:Inf"
"P431,P584","K,E","Avian",13,13,1,0.04079,0.08171,1,1,0.07602,0.07602,0.00770670002661231,Inf,0.0193496733360732,"-Inf:Inf"
"P340","V","Avian",15,13,0.82364,0.04971,0.0819,1,1,0.08772,0.07602,0.248702762870444,6.5,0.298197214552598,"1.489:28.37"
"P55","I","Avian",2,1,0.55556,0.00614,0.00655,1,1,0.0117,0.00585,1,1,1,"0.063:15.858"
"P55,P590","R,V","Human",2,2,1,0.00604,0.0121,1,1,0.0117,0.0117,1,Inf,1,"-Inf:Inf"
"P13","T","Human",1,1,1,0.00325,0.00648,1,1,0.00585,0.00585,1,Inf,1,"-Inf:Inf"
"P53,P590","R,V","Human",4,4,1,0.01462,0.02924,1,1,0.02339,0.02339,1,Inf,1,"-Inf:Inf"
"P13,P590","I,A","Avian",2,2,1,0.00614,0.01228,1,1,0.0117,0.0117,1,Inf,1,"-Inf:Inf"
"P657","C","Avian",1,1,1,0.00325,0.0065,1,1,0.00585,0.00585,1,Inf,1,"-Inf:Inf"
"P474","M","Human",1,1,1,0.00325,0.00652,1,1,0.00585,0.00585,1,Inf,1,"-Inf:Inf"
"P584","N","Human",1,1,1,0.00325,0.0065,1,1,0.00585,0.00585,1,Inf,1,"-Inf:Inf"
"P458","D","Avian",3,3,1,0.00877,0.01756,1,1,0.01754,0.01754,1,Inf,1,"-Inf:Inf"
"P399,P590","E,V","Human",1,1,1,0.00325,0.00653,1,1,0.00585,0.00585,1,Inf,1,"-Inf:Inf"
"P176","K","Human",1,1,1,0.00325,0.00649,1,1,0.00585,0.00585,1,Inf,1,"-Inf:Inf"
"P722","I","Avian",4,3,0.75,0.0117,0.01754,1,1,0.02339,0.01754,1,3,1,"0.315:28.555"
"P587,P590","R,V","Human",1,1,1,0.00325,0.00651,1,1,0.00585,0.00585,1,Inf,1,"-Inf:Inf"
"P217,P584","G,E","Avian",2,2,1,0.00609,0.01224,1,1,0.0117,0.0117,1,Inf,1,"-Inf:Inf"
"P212,P590","K,V","Human",2,2,1,0.0065,0.01304,1,1,0.0117,0.0117,1,Inf,1,"-Inf:Inf"
"P58","M","Avian",1,1,1,0.00325,0.00651,1,1,0.00585,0.00585,1,Inf,1,"-Inf:Inf"
"P384","G","Human",4,3,0.75926,0.01191,0.01806,1,1,0.02339,0.01754,1,3,1,"0.315:28.555"
"P115","A","Avian",2,1,0.55556,0.00614,0.00655,1,1,0.0117,0.00585,1,1,1,"0.063:15.858"
"P196","X","Human",2,2,1,0.00613,0.01226,1,1,0.0117,0.0117,1,Inf,1,"-Inf:Inf"
"P722","M","Avian",4,4,1,0.0117,0.02338,1,1,0.02339,0.02339,1,Inf,1,"-Inf:Inf"
"P590","G","Human",4,4,1,0.0117,0.02338,1,1,0.02339,0.02339,1,Inf,1,"-Inf:Inf"
"P13,P340","V,M","Human",4,4,1,0.01191,0.02378,1,1,0.02339,0.02339,1,Inf,1,"-Inf:Inf"
"P180,P590","M,V","Human",1,1,1,0.00325,0.00653,1,1,0.00585,0.00585,1,Inf,1,"-Inf:Inf"
"P590,P624","V,Q","Human",1,1,1,0.00325,0.00651,1,1,0.00585,0.00585,1,Inf,1,"-Inf:Inf"
"P362","K","Human",2,2,1,0.00585,0.01169,1,1,0.0117,0.0117,1,Inf,1,"-Inf:Inf"
"P196","I","Human",1,1,1,0.00325,0.00649,1,1,0.00585,0.00585,1,Inf,1,"-Inf:Inf"
"P722","L","Avian",1,1,1,0.00325,0.0065,1,1,0.00585,0.00585,1,Inf,1,"-Inf:Inf"
"P217","N","Avian",2,2,1,0.00585,0.01169,1,1,0.0117,0.0117,1,Inf,1,"-Inf:Inf"
"P53","Q","Avian",2,2,1,0.00585,0.01171,1,1,0.0117,0.0117,1,Inf,1,"-Inf:Inf"
"P299,P518","L,V","Avian",2,1,0.5,0.0065,0.00655,1,1,0.0117,0.00585,1,1,1,"0.063:15.858"
"P209","R","Human",3,3,1,0.00938,0.01873,1,1,0.01754,0.01754,1,Inf,1,"-Inf:Inf"
"P176","G","Avian",1,1,1,0.00325,0.00649,1,1,0.00585,0.00585,1,Inf,1,"-Inf:Inf"
"P340","T","Human",1,1,1,0.00325,0.0065,1,1,0.00585,0.00585,1,Inf,1,"-Inf:Inf"
"P157","A","Avian",1,1,1,0.00325,0.00651,1,1,0.00585,0.00585,1,Inf,1,"-Inf:Inf"
"P115","I","Human",2,2,1,0.00585,0.01169,1,1,0.0117,0.0117,1,Inf,1,"-Inf:Inf"
"P457","N","Human",1,1,1,0.00325,0.0065,1,1,0.00585,0.00585,1,Inf,1,"-Inf:Inf"
"P55","X","Human",1,1,1,0.00325,0.00649,1,1,0.00585,0.00585,1,Inf,1,"-Inf:Inf"
"P58,P590","I,V","Human",1,1,1,0.00325,0.00652,1,1,0.00585,0.00585,1,Inf,1,"-Inf:Inf"
"P584","X","Human",1,1,1,0.00325,0.0065,1,1,0.00585,0.00585,1,Inf,1,"-Inf:Inf"
"P13,P590","V,V","Human",3,3,1,0.0092,0.01845,1,1,0.01754,0.01754,1,Inf,1,"-Inf:Inf"
"P590,P657","V,N","Human",1,1,1,0.00325,0.00652,1,1,0.00585,0.00585,1,Inf,1,"-Inf:Inf"
"P641","G","Human",1,1,1,0.00325,0.00648,1,1,0.00585,0.00585,1,Inf,1,"-Inf:Inf"
"P180","X","Human",1,1,1,0.00325,0.0065,1,1,0.00585,0.00585,1,Inf,1,"-Inf:Inf"
"P648","A","Human",1,1,1,0.00325,0.00649,1,1,0.00585,0.00585,1,Inf,1,"-Inf:Inf"
"P55","T","Human",1,1,1,0.00325,0.00649,1,1,0.00585,0.00585,1,Inf,1,"-Inf:Inf"
"P13,P584","I,E","Avian",1,1,1,0.00325,0.00651,1,1,0.00585,0.00585,1,Inf,1,"-Inf:Inf"
"P326","M","Human",4,4,1,0.01191,0.02376,1,1,0.02339,0.02339,1,Inf,1,"-Inf:Inf"
"P584","G","Human",1,1,1,0.00325,0.00649,1,1,0.00585,0.00585,1,Inf,1,"-Inf:Inf"
"P657","G","Human",1,1,1,0.00325,0.00648,1,1,0.00585,0.00585,1,Inf,1,"-Inf:Inf"
"P177","E","Human",1,1,1,0.00325,0.00648,1,1,0.00585,0.00585,1,Inf,1,"-Inf:Inf"
"P384","X","Avian",2,1,0.5625,0.00609,0.00655,1,1,0.0117,0.00585,1,1,1,"0.063:15.858"
"P670","T","Human",1,1,1,0.00325,0.0065,1,1,0.00585,0.00585,1,Inf,1,"-Inf:Inf"
"P55","I","Human",1,1,1,0.00325,0.00633,1,1,0.00585,0.00585,1,Inf,1,"-Inf:Inf"
"P53,P587","K,H","Avian",1,1,1,0.00325,0.0066,1,1,0.00585,0.00585,1,Inf,1,"-Inf:Inf"
"P587","H","Avian",2,1,0.5,0.00649,0.00654,1,1,0.0117,0.00585,1,1,1,"0.063:15.858"
"P180,P299","V,L","Avian",1,1,1,0.00325,0.00641,1,1,0.00585,0.00585,1,Inf,1,"-Inf:Inf"
"P180,P299","I,L","Avian",6,6,1,0.01948,0.03846,1,1,0.03509,0.03509,1,Inf,1,"-Inf:Inf"
"P13,P299","I,L","Avian",1,1,1,0.00325,0.00641,1,1,0.00585,0.00585,1,Inf,1,"-Inf:Inf"
"P58","I","Avian",8,6,0.75,0.02597,0.03871,1,1,0.04678,0.03509,1,3,1,"0.614:14.656"
"P362","X","Avian",2,1,0.5,0.00649,0.00654,1,1,0.0117,0.00585,1,1,1,"0.063:15.858"
"P115","A","Human",1,1,1,0.00325,0.00645,1,1,0.00585,0.00585,1,Inf,1,"-Inf:Inf"
