"features","levels","decision","supportLHS","supportRHS","accuracyRHS","coverageLHS","coverageRHS","pValue","riskRatio","pValueRiskRatio","confIntRiskRatio","supportSetLHS","supportSetRHS"
"P109,P584","L,E","Avian",156,155,0.993589743589744,0.45614,0.90643,1.63260197640889e-75,155,0,"21.946:1094.708","1,3,7,9,11,13,17,19,21,23,27,29,31,33,35,37,41,43,45,47,49,51,53,59,61,63,65,67,69,71,75,77,79,81,85,87,89,91,93,95,97,99,101,103,105,107,109,111,113,114,115,117,119,121,123,125,127,129,131,133,135,137,139,141,143,145,147,149,151,153,157,159,161,165,167,169,171,173,175,177,179,181,185,187,189,191,193,195,199,201,203,205,207,209,211,213,215,217,219,221,223,227,229,231,235,237,239,241,243,245,247,249,251,253,255,257,259,261,263,265,267,269,271,273,275,277,279,281,283,285,287,289,291,295,297,299,301,303,305,307,309,311,313,315,319,321,323,325,327,329,331,333,335,337,339,341","1,3,7,9,11,13,17,19,21,23,27,29,31,33,35,37,41,43,45,47,49,51,53,59,61,63,65,67,69,71,75,77,79,81,85,87,89,91,93,95,97,99,101,103,105,107,109,111,113,115,117,119,121,123,125,127,129,131,133,135,137,139,141,143,145,147,149,151,153,157,159,161,165,167,169,171,173,175,177,179,181,185,187,189,191,193,195,199,201,203,205,207,209,211,213,215,217,219,221,223,227,229,231,235,237,239,241,243,245,247,249,251,253,255,257,259,261,263,265,267,269,271,273,275,277,279,281,283,285,287,289,291,295,297,299,301,303,305,307,309,311,313,315,319,321,323,325,327,329,331,333,335,337,339,341"
"P384,P584","E,E","Avian",155,154,0.993548387096774,0.45322,0.90058,1.78442441855795e-74,154,0,"21.804:1087.69","1,3,5,7,9,11,13,17,19,21,23,27,29,31,33,35,37,41,43,45,47,49,51,59,61,63,65,67,69,71,75,77,81,85,87,89,91,93,95,97,99,101,103,105,107,109,111,113,114,115,117,119,121,123,125,127,129,131,133,135,137,139,141,143,145,147,149,151,153,157,159,161,165,167,169,171,173,175,177,179,181,185,187,189,191,193,195,199,201,203,205,207,211,213,215,217,219,221,223,227,229,231,235,237,239,241,243,245,247,249,251,253,255,257,259,261,263,265,267,269,271,273,275,277,279,281,283,285,287,289,291,293,295,297,299,301,303,305,307,309,311,313,315,319,321,323,325,327,329,331,333,335,337,339,341","1,3,5,7,9,11,13,17,19,21,23,27,29,31,33,35,37,41,43,45,47,49,51,59,61,63,65,67,69,71,75,77,81,85,87,89,91,93,95,97,99,101,103,105,107,109,111,113,115,117,119,121,123,125,127,129,131,133,135,137,139,141,143,145,147,149,151,153,157,159,161,165,167,169,171,173,175,177,179,181,185,187,189,191,193,195,199,201,203,205,207,211,213,215,217,219,221,223,227,229,231,235,237,239,241,243,245,247,249,251,253,255,257,259,261,263,265,267,269,271,273,275,277,279,281,283,285,287,289,291,293,295,297,299,301,303,305,307,309,311,313,315,319,321,323,325,327,329,331,333,335,337,339,341"
"P299,P399","L,D","Avian",157,155,0.987261146496815,0.45906,0.90643,1.17205922241782e-73,77.5,0,"19.524:307.629","1,3,5,7,9,11,13,17,19,21,23,27,29,31,33,35,37,41,43,45,47,49,51,53,59,61,63,65,67,69,71,75,77,81,85,87,89,90,91,93,95,99,101,103,105,107,109,111,113,114,115,117,119,121,123,125,127,129,131,133,135,137,139,141,143,145,149,151,153,157,159,161,165,167,169,171,173,175,177,179,181,183,185,187,189,191,193,195,199,201,203,205,207,209,211,213,215,217,219,221,223,225,227,229,231,235,237,239,241,243,245,247,249,251,253,255,257,259,261,263,265,267,269,271,273,275,277,279,281,283,285,289,291,293,295,297,299,301,303,305,307,309,311,313,315,319,321,323,325,327,329,331,333,335,337,339,341","1,3,5,7,9,11,13,17,19,21,23,27,29,31,33,35,37,41,43,45,47,49,51,53,59,61,63,65,67,69,71,75,77,81,85,87,89,91,93,95,99,101,103,105,107,109,111,113,115,117,119,121,123,125,127,129,131,133,135,137,139,141,143,145,149,151,153,157,159,161,165,167,169,171,173,175,177,179,181,183,185,187,189,191,193,195,199,201,203,205,207,209,211,213,215,217,219,221,223,225,227,229,231,235,237,239,241,243,245,247,249,251,253,255,257,259,261,263,265,267,269,271,273,275,277,279,281,283,285,289,291,293,295,297,299,301,303,305,307,309,311,313,315,319,321,323,325,327,329,331,333,335,337,339,341"
"P55,P584","K,E","Avian",151,151,1,0.44152,0.88304,1.2683596188571e-73,Inf,0,"-Inf:Inf","1,3,7,9,11,13,17,19,21,23,27,29,31,33,35,37,41,43,45,49,53,59,61,63,65,67,69,71,77,79,81,85,87,91,93,95,97,99,101,103,105,107,109,111,113,115,117,119,121,123,125,127,129,131,133,135,137,139,141,143,145,147,149,151,153,157,159,161,165,167,169,171,173,175,177,179,181,185,187,189,191,193,195,199,201,203,205,207,209,211,213,215,217,219,221,223,227,229,231,235,237,239,241,243,245,247,249,251,253,255,257,259,261,263,265,267,269,271,273,275,277,279,281,283,285,287,289,291,295,297,299,301,303,305,307,309,311,313,315,319,321,323,325,327,329,331,333,335,337,339,341","1,3,7,9,11,13,17,19,21,23,27,29,31,33,35,37,41,43,45,49,53,59,61,63,65,67,69,71,77,79,81,85,87,91,93,95,97,99,101,103,105,107,109,111,113,115,117,119,121,123,125,127,129,131,133,135,137,139,141,143,145,147,149,151,153,157,159,161,165,167,169,171,173,175,177,179,181,185,187,189,191,193,195,199,201,203,205,207,209,211,213,215,217,219,221,223,227,229,231,235,237,239,241,243,245,247,249,251,253,255,257,259,261,263,265,267,269,271,273,275,277,279,281,283,285,287,289,291,295,297,299,301,303,305,307,309,311,313,315,319,321,323,325,327,329,331,333,335,337,339,341"
"P299","L","Avian",170,162,0.952941176470588,0.49708,0.94737,8.92104286615696e-73,20.25,0,"10.285:39.87","1,3,5,7,9,11,13,17,19,21,23,25,27,29,31,33,35,37,39,41,42,43,45,47,49,51,53,55,57,59,61,63,65,67,69,71,73,75,77,81,85,87,89,90,91,93,95,99,101,103,105,107,109,111,113,114,115,117,119,121,123,125,127,129,131,133,135,137,139,141,143,145,149,151,153,157,159,161,163,165,167,169,171,173,175,176,177,179,181,183,185,187,189,191,193,195,199,201,203,205,207,209,211,213,215,217,218,219,221,223,225,227,229,231,233,235,237,239,241,243,245,247,249,251,253,255,257,259,261,263,265,267,269,271,273,275,277,279,281,283,285,289,291,293,295,297,299,301,303,305,306,307,309,311,313,315,318,319,320,321,323,325,327,329,331,333,335,337,339,341","1,3,5,7,9,11,13,17,19,21,23,25,27,29,31,33,35,37,39,41,43,45,47,49,51,53,55,57,59,61,63,65,67,69,71,73,75,77,81,85,87,89,91,93,95,99,101,103,105,107,109,111,113,115,117,119,121,123,125,127,129,131,133,135,137,139,141,143,145,149,151,153,157,159,161,163,165,167,169,171,173,175,177,179,181,183,185,187,189,191,193,195,199,201,203,205,207,209,211,213,215,217,219,221,223,225,227,229,231,233,235,237,239,241,243,245,247,249,251,253,255,257,259,261,263,265,267,269,271,273,275,277,279,281,283,285,289,291,293,295,297,299,301,303,305,307,309,311,313,315,319,321,323,325,327,329,331,333,335,337,339,341"
"P53,P584","K,E","Avian",154,152,0.987012987012987,0.45029,0.88889,1.26848484209546e-70,76,0,"19.143:301.728","1,3,5,7,9,11,13,17,19,21,23,27,29,31,33,35,37,41,42,43,45,47,49,51,53,59,61,63,65,67,69,71,75,77,79,81,85,87,89,91,93,95,97,99,101,103,105,107,109,111,113,115,117,119,121,123,125,127,129,131,133,135,137,139,141,143,145,147,149,151,153,157,159,161,165,169,171,173,175,177,179,181,185,187,189,191,193,195,199,201,203,205,207,209,211,213,215,217,219,221,223,227,229,231,235,237,239,241,243,245,247,249,253,255,257,259,263,265,267,269,271,273,275,277,279,281,283,285,287,289,291,293,295,297,299,301,303,305,307,309,311,313,315,318,319,323,325,327,329,331,333,335,337,341","1,3,5,7,9,11,13,17,19,21,23,27,29,31,33,35,37,41,43,45,47,49,51,53,59,61,63,65,67,69,71,75,77,79,81,85,87,89,91,93,95,97,99,101,103,105,107,109,111,113,115,117,119,121,123,125,127,129,131,133,135,137,139,141,143,145,147,149,151,153,157,159,161,165,169,171,173,175,177,179,181,185,187,189,191,193,195,199,201,203,205,207,209,211,213,215,217,219,221,223,227,229,231,235,237,239,241,243,245,247,249,253,255,257,259,263,265,267,269,271,273,275,277,279,281,283,285,287,289,291,293,295,297,299,301,303,305,307,309,311,313,315,319,323,325,327,329,331,333,335,337,341"
"P584","E","Avian",164,157,0.957317073170732,0.47953,0.91813,2.51525023592982e-68,22.4285714285714,0,"10.843:46.395","1,3,5,7,9,11,13,17,19,21,23,27,29,31,33,35,37,41,42,43,45,47,49,51,53,59,61,63,65,67,69,71,75,77,79,81,85,87,89,91,93,95,97,99,101,103,105,107,109,111,113,114,115,116,117,119,121,123,125,127,129,131,133,135,137,139,141,143,145,147,149,151,153,157,159,161,164,165,167,169,171,173,175,176,177,179,181,185,187,189,191,193,195,199,201,203,205,207,209,211,213,215,217,219,221,223,227,229,231,235,237,239,241,243,245,247,249,251,253,254,255,257,259,261,263,265,267,269,271,273,275,277,279,281,283,285,287,289,291,293,295,297,299,301,303,305,307,309,311,313,315,318,319,321,323,325,327,329,331,333,335,337,339,341","1,3,5,7,9,11,13,17,19,21,23,27,29,31,33,35,37,41,43,45,47,49,51,53,59,61,63,65,67,69,71,75,77,79,81,85,87,89,91,93,95,97,99,101,103,105,107,109,111,113,115,117,119,121,123,125,127,129,131,133,135,137,139,141,143,145,147,149,151,153,157,159,161,165,167,169,171,173,175,177,179,181,185,187,189,191,193,195,199,201,203,205,207,209,211,213,215,217,219,221,223,227,229,231,235,237,239,241,243,245,247,249,251,253,255,257,259,261,263,265,267,269,271,273,275,277,279,281,283,285,287,289,291,293,295,297,299,301,303,305,307,309,311,313,315,319,321,323,325,327,329,331,333,335,337,339,341"
"P590,P722","V,V","Human",118,117,0.991525423728814,0.34503,0.68421,8.18714135697122e-46,117,0,"16.532:828.03","2,6,8,10,12,14,16,18,20,22,24,28,30,34,38,40,44,46,50,52,54,60,62,64,66,68,72,74,76,78,80,82,86,88,96,98,100,102,104,106,108,110,112,118,120,124,126,128,130,132,134,136,138,140,142,148,150,152,154,156,160,162,166,168,170,172,174,178,182,186,192,194,196,197,198,200,202,208,210,212,224,228,234,236,240,244,250,252,256,258,260,262,264,268,270,274,278,280,284,286,288,292,294,296,298,300,304,308,310,316,322,326,330,332,334,338,340,342","2,6,8,10,12,14,16,18,20,22,24,28,30,34,38,40,44,46,50,52,54,60,62,64,66,68,72,74,76,78,80,82,86,88,96,98,100,102,104,106,108,110,112,118,120,124,126,128,130,132,134,136,138,140,142,148,150,152,154,156,160,162,166,168,170,172,174,178,182,186,192,194,196,198,200,202,208,210,212,224,228,234,236,240,244,250,252,256,258,260,262,264,268,270,274,278,280,284,286,288,292,294,296,298,300,304,308,310,316,322,326,330,332,334,338,340,342"
"P176","N","Human",129,124,0.961240310077519,0.37719,0.72515,2.49643949969049e-44,24.8,0,"10.405:59.108","2,6,8,10,12,14,15,16,18,20,22,24,28,30,34,38,40,44,46,50,52,54,60,62,64,66,68,72,74,76,78,80,82,83,84,86,88,96,98,100,102,104,106,108,110,112,118,120,122,124,126,128,130,132,134,136,138,140,142,148,150,152,154,155,156,160,162,166,168,170,172,174,176,178,182,186,192,194,196,197,198,200,202,208,210,212,216,224,228,234,236,240,244,246,250,252,256,258,260,262,264,266,268,270,274,278,280,284,286,288,292,294,296,298,300,304,308,310,316,317,318,322,326,330,332,334,338,340,342","2,6,8,10,12,14,16,18,20,22,24,28,30,34,38,40,44,46,50,52,54,60,62,64,66,68,72,74,76,78,80,82,84,86,88,96,98,100,102,104,106,108,110,112,118,120,122,124,126,128,130,132,134,136,138,140,142,148,150,152,154,156,160,162,166,168,170,172,174,176,178,182,186,192,194,196,198,200,202,208,210,212,216,224,228,234,236,240,244,246,250,252,256,258,260,262,264,266,268,270,274,278,280,284,286,288,292,294,296,298,300,304,308,310,316,318,322,326,330,332,334,338,340,342"
"P590","V","Human",121,117,0.966942148760331,0.3538,0.68421,2.5867627749334e-41,29.25,0,"11.046:77.453","2,6,8,10,12,14,16,18,20,22,24,28,30,34,38,40,44,46,50,52,54,60,62,64,66,68,72,74,76,78,80,82,83,86,88,96,98,100,102,104,106,108,110,112,118,120,124,126,128,130,132,134,136,138,140,142,148,150,152,154,155,156,160,162,166,168,170,172,174,178,182,186,192,194,196,197,198,200,202,208,210,212,224,228,234,236,240,244,250,252,256,258,260,262,264,268,270,274,278,280,284,286,288,292,294,296,298,300,304,308,310,316,317,322,326,330,332,334,338,340,342","2,6,8,10,12,14,16,18,20,22,24,28,30,34,38,40,44,46,50,52,54,60,62,64,66,68,72,74,76,78,80,82,86,88,96,98,100,102,104,106,108,110,112,118,120,124,126,128,130,132,134,136,138,140,142,148,150,152,154,156,160,162,166,168,170,172,174,178,182,186,192,194,196,198,200,202,208,210,212,224,228,234,236,240,244,250,252,256,258,260,262,264,268,270,274,278,280,284,286,288,292,294,296,298,300,304,308,310,316,322,326,330,332,334,338,340,342"
"P58","K","Human",41,41,1,0.11988,0.23977,2.37749824883442e-12,Inf,7.52464757169946e-10,"-Inf:Inf","4,26,32,36,48,56,58,70,92,94,116,122,144,146,158,164,180,184,188,190,204,206,214,220,222,226,230,232,238,242,248,272,276,282,290,302,312,314,324,328,336","4,26,32,36,48,56,58,70,92,94,116,122,144,146,158,164,180,184,188,190,204,206,214,220,222,226,230,232,238,242,248,272,276,282,290,302,312,314,324,328,336"
"P196","V","Human",41,41,1,0.11988,0.23977,2.37749824883442e-12,Inf,7.52464757169946e-10,"-Inf:Inf","4,26,32,36,48,56,58,70,92,94,116,122,144,146,158,164,180,184,188,190,204,206,214,220,222,226,230,232,238,242,254,272,276,282,290,302,312,314,324,328,336","4,26,32,36,48,56,58,70,92,94,116,122,144,146,158,164,180,184,188,190,204,206,214,220,222,226,230,232,238,242,254,272,276,282,290,302,312,314,324,328,336"
"P750","T","Human",23,23,1,0.06725,0.1345,4.31732591590598e-06,Inf,5.68468320594206e-05,"-Inf:Inf","36,56,58,70,94,114,122,180,184,190,196,206,214,232,248,276,282,290,302,312,314,324,336","36,56,58,70,94,114,122,180,184,190,196,206,214,232,248,276,282,290,302,312,314,324,336"
"P648","I","Human",23,23,1,0.06725,0.1345,4.31732591590598e-06,Inf,5.68468320594206e-05,"-Inf:Inf","4,26,32,36,48,92,144,146,158,166,188,204,220,222,226,230,238,242,272,282,284,290,328","4,26,32,36,48,92,144,146,158,166,188,204,220,222,226,230,238,242,272,282,284,290,328"
"P299,P387","L,K","Avian",22,22,1,0.06433,0.12865,9.27210934959673e-06,Inf,0.000102895922911017,"-Inf:Inf","3,23,45,69,87,95,109,121,123,151,179,219,229,253,269,273,275,277,291,309,333,339","3,23,45,69,87,95,109,121,123,151,179,219,229,253,269,273,275,277,291,309,333,339"
"P337,P431","V,K","Avian",16,16,1,0.04678,0.09357,0.000845147085930668,Inf,0.00343629041863025,"-Inf:Inf","27,49,71,75,115,123,129,141,173,183,187,215,225,263,313,331","27,49,71,75,115,123,129,141,173,183,187,215,225,263,313,331"
"P431,P584","K,E","Avian",14,14,1,0.04094,0.08187,0.00370108998238524,Inf,0.0108908592610568,"-Inf:Inf","27,49,71,75,115,123,129,141,173,187,215,263,313,331","27,49,71,75,115,123,129,141,173,187,215,263,313,331"
"P180,P431","M,K","Avian",17,16,0.941176470588235,0.04971,0.09357,0.00793816066601132,16,0.0155319411722488,"2.146:119.31","27,49,71,75,98,115,123,129,141,173,183,187,215,225,263,313,331","27,49,71,75,115,123,129,141,173,183,187,215,225,263,313,331"
